Country,Product,Units Sold,Revenue,Cost,Profit,Date
India, Chocolate Chip ,1725,8625,3450,5175,11/1/2019
India, Chocolate Chip ,2152,10760,4304,6456,12/1/2019
India, Chocolate Chip ,2349,11745,4698,7047,9/1/2019
India, Chocolate Chip ,1228,6140,2456,3684,10/1/2019
India, Chocolate Chip ,1389,6945,2778,4167,10/1/2019
India, Chocolate Chip ,1802,9010,3604,5406,12/1/2019
India, Chocolate Chip ,2299,11495,4598,6897,10/1/2019
India, Chocolate Chip ,1404,7020,2808,4212,11/1/2019
India, Chocolate Chip ,2470,12350,4940,7410,9/1/2019
India, Chocolate Chip ,1743,8715,3486,5229,10/1/2019
India, Chocolate Chip ,2222,11110,4444,6666,11/1/2019
India, Fortune Cookie ,345,345,69,276,10/1/2019
India, Fortune Cookie ,2851,2851,570,2281,10/1/2019
India, Fortune Cookie ,1283,1283,257,1026,9/1/2019
India, Fortune Cookie ,1611,1611,322,1289,12/1/2019
India, Oatmeal Raisin ,1778,8890,3912,4978,12/1/2019
India, Oatmeal Raisin ,1228,6140,2702,3438,10/1/2019
India, Oatmeal Raisin ,2761,13805,6074,7731,9/1/2019
India, Oatmeal Raisin ,1743,8715,3835,4880,10/1/2019
India, Snickerdoodle ,908,3632,1362,2270,12/1/2019
India, Snickerdoodle ,2851,11404,4277,7128,10/1/2019
India, Snickerdoodle ,2299,9196,3449,5748,10/1/2019
India, Snickerdoodle ,1560,6240,2340,3900,11/1/2019
India, Snickerdoodle ,2416,9664,3624,6040,9/1/2019
India, Sugar ,1389,4167,1736,2431,10/1/2019
India, Sugar ,2436,7308,3045,4263,12/1/2019
India, Sugar ,2935,8805,3669,5136,11/1/2019
India, Sugar ,623,1869,779,1090,9/1/2019
India, Sugar ,269,807,336,471,10/1/2019
India, Sugar ,2954,8862,3693,5170,11/1/2019
India, White Chocolate Macadamia Nut ,345,2070,949,1121,10/1/2019
India, White Chocolate Macadamia Nut ,2092,12552,5753,6799,11/1/2019
India, White Chocolate Macadamia Nut ,2646,15876,7277,8600,9/1/2019
India, White Chocolate Macadamia Nut ,1916,11496,5269,6227,12/1/2019
India, White Chocolate Macadamia Nut ,269,1614,740,874,10/1/2019
United Kingdom, Chocolate Chip ,549,2745,1098,1647,9/1/2019
United Kingdom, Chocolate Chip ,1785,8925,3570,5355,11/1/2019
United Kingdom, Chocolate Chip ,2261,11305,4522,6783,12/1/2019
United Kingdom, Chocolate Chip ,704,3520,1408,2112,10/1/2019
United Kingdom, Chocolate Chip ,2136,10680,4272,6408,12/1/2019
United Kingdom, Chocolate Chip ,1757,8785,3514,5271,10/1/2019
United Kingdom, Chocolate Chip ,1031,5155,2062,3093,9/1/2019
United Kingdom, Chocolate Chip ,2167,10835,4334,6501,10/1/2019
United Kingdom, Chocolate Chip ,1198,5990,2396,3594,10/1/2019
United Kingdom, Chocolate Chip ,1922,9610,3844,5766,11/1/2019
United Kingdom, Fortune Cookie ,1403,1403,281,1122,10/1/2019
United Kingdom, Fortune Cookie ,1757,1757,351,1406,10/1/2019
United Kingdom, Fortune Cookie ,322,322,64,258,9/1/2019
United Kingdom, Fortune Cookie ,1857,1857,371,1486,11/1/2019
United Kingdom, Fortune Cookie ,1186,1186,237,949,12/1/2019
United Kingdom, Oatmeal Raisin ,321,1605,706,899,11/1/2019
United Kingdom, Oatmeal Raisin ,1403,7015,3087,3928,10/1/2019
United Kingdom, Oatmeal Raisin ,2076,10380,4567,5813,10/1/2019
United Kingdom, Oatmeal Raisin ,306,1530,673,857,12/1/2019
United Kingdom, Snickerdoodle ,2145,8580,3218,5363,11/1/2019
United Kingdom, Snickerdoodle ,1482,5928,2223,3705,12/1/2019
United Kingdom, Snickerdoodle ,1198,4792,1797,2995,10/1/2019
United Kingdom, Snickerdoodle ,1023,4092,1535,2558,9/1/2019
United Kingdom, Sugar ,1527,4581,1909,2672,9/1/2019
United Kingdom, Sugar ,1221,3663,1526,2137,10/1/2019
United Kingdom, Sugar ,2234,6702,2793,3910,9/1/2019
United Kingdom, Sugar ,2682,8046,3353,4694,11/1/2019
United Kingdom, Sugar ,2167,6501,2709,3792,10/1/2019
United Kingdom, Sugar ,1281,3843,1601,2242,12/1/2019
United Kingdom, White Chocolate Macadamia Nut ,704,4224,1936,2288,10/1/2019
United Kingdom, White Chocolate Macadamia Nut ,1033,6198,2841,3357,12/1/2019
United Kingdom, White Chocolate Macadamia Nut ,1221,7326,3358,3968,10/1/2019
United Kingdom, White Chocolate Macadamia Nut ,2076,12456,5709,6747,10/1/2019
United Kingdom, White Chocolate Macadamia Nut ,386,2316,1062,1255,11/1/2019
United Kingdom, White Chocolate Macadamia Nut ,2805,16830,7714,9116,9/1/2019
Philippines, Chocolate Chip ,766,3830,1532,2298,10/1/2019
Philippines, Chocolate Chip ,809,4045,1618,2427,10/1/2019
Philippines, Chocolate Chip ,1945,9725,3890,5835,10/1/2019
Philippines, Chocolate Chip ,2116,10580,4232,6348,12/1/2019
Philippines, Chocolate Chip ,1123,5615,2246,3369,9/1/2019
Philippines, Chocolate Chip ,2125,10625,4250,6375,12/1/2019
Philippines, Chocolate Chip ,2409,12045,4818,7227,9/1/2019
Philippines, Chocolate Chip ,2146,10730,4292,6438,11/1/2019
Philippines, Chocolate Chip ,1775,8875,3550,5325,11/1/2019
Philippines, Chocolate Chip ,2992,14960,5984,8976,10/1/2019
Philippines, Fortune Cookie ,1797,1797,359,1438,9/1/2019
Philippines, Fortune Cookie ,1159,1159,232,927,10/1/2019
Philippines, Fortune Cookie ,2500,2500,500,2000,11/1/2019
Philippines, Fortune Cookie ,334,334,67,267,12/1/2019
Philippines, Fortune Cookie ,2992,2992,598,2394,10/1/2019
Philippines, Oatmeal Raisin ,2966,14830,6525,8305,10/1/2019
Philippines, Oatmeal Raisin ,1159,5795,2550,3245,10/1/2019
Philippines, Oatmeal Raisin ,994,4970,2187,2783,9/1/2019
Philippines, Oatmeal Raisin ,970,4850,2134,2716,11/1/2019
Philippines, Oatmeal Raisin ,1770,8850,3894,4956,12/1/2019
Philippines, Snickerdoodle ,766,3064,1149,1915,10/1/2019
Philippines, Snickerdoodle ,214,856,321,535,10/1/2019
Philippines, Snickerdoodle ,1016,4064,1524,2540,11/1/2019
Philippines, Snickerdoodle ,887,3548,1331,2218,12/1/2019
Philippines, Snickerdoodle ,442,1768,663,1105,9/1/2019
Philippines, Sugar ,214,642,268,375,10/1/2019
Philippines, Sugar ,1945,5835,2431,3404,10/1/2019
Philippines, Sugar ,2297,6891,2871,4020,11/1/2019
Philippines, Sugar ,2215,6645,2769,3876,9/1/2019
Philippines, Sugar ,1870,5610,2338,3273,12/1/2019
Philippines, White Chocolate Macadamia Nut ,2966,17796,8157,9640,10/1/2019
Philippines, White Chocolate Macadamia Nut ,809,4854,2225,2629,10/1/2019
Philippines, White Chocolate Macadamia Nut ,588,3528,1617,1911,12/1/2019
Philippines, White Chocolate Macadamia Nut ,660,3960,1815,2145,9/1/2019
Philippines, White Chocolate Macadamia Nut ,2536,15216,6974,8242,11/1/2019
Malaysia, Chocolate Chip ,788,3940,1576,2364,9/1/2019
Malaysia, Chocolate Chip ,2145,10725,4290,6435,10/1/2019
Malaysia, Chocolate Chip ,1760,8800,3520,5280,9/1/2019
Malaysia, Chocolate Chip ,1514,7570,3028,4542,10/1/2019
Malaysia, Chocolate Chip ,2763,13815,5526,8289,11/1/2019
Malaysia, Chocolate Chip ,1946,9730,3892,5838,12/1/2019
Malaysia, Chocolate Chip ,367,1835,734,1101,10/1/2019
Malaysia, Chocolate Chip ,1715,8575,3430,5145,10/1/2019
Malaysia, Chocolate Chip ,380,1900,760,1140,12/1/2019
Malaysia, Chocolate Chip ,2151,10755,4302,6453,11/1/2019
Malaysia, Fortune Cookie ,1660,1660,332,1328,11/1/2019
Malaysia, Fortune Cookie ,720,720,144,576,9/1/2019
Malaysia, Fortune Cookie ,1100,1100,220,880,12/1/2019
Malaysia, Fortune Cookie ,1715,1715,343,1372,10/1/2019
Malaysia, Fortune Cookie ,1727,1727,345,1382,10/1/2019
Malaysia, Oatmeal Raisin ,1375,6875,3025,3850,12/1/2019
Malaysia, Oatmeal Raisin ,947,4735,2083,2652,9/1/2019
Malaysia, Oatmeal Raisin ,344,1720,757,963,10/1/2019
Malaysia, Oatmeal Raisin ,1727,8635,3799,4836,10/1/2019
Malaysia, Oatmeal Raisin ,1870,9350,4114,5236,11/1/2019
Malaysia, Snickerdoodle ,494,1976,741,1235,10/1/2019
Malaysia, Snickerdoodle ,1834,7336,2751,4585,9/1/2019
Malaysia, Snickerdoodle ,367,1468,551,918,10/1/2019
Malaysia, Snickerdoodle ,2706,10824,4059,6765,11/1/2019
Malaysia, Snickerdoodle ,2821,11284,4232,7053,12/1/2019
Malaysia, Sugar ,494,1482,618,865,10/1/2019
Malaysia, Sugar ,1940,5820,2425,3395,12/1/2019
Malaysia, Sugar ,1514,4542,1893,2650,10/1/2019
Malaysia, Sugar ,1123,3369,1404,1965,11/1/2019
Malaysia, Sugar ,1005,3015,1256,1759,9/1/2019
Malaysia, White Chocolate Macadamia Nut ,2145,12870,5899,6971,10/1/2019
Malaysia, White Chocolate Macadamia Nut ,544,3264,1496,1768,12/1/2019
Malaysia, White Chocolate Macadamia Nut ,655,3930,1801,2129,9/1/2019
Malaysia, White Chocolate Macadamia Nut ,344,2064,946,1118,10/1/2019
Malaysia, White Chocolate Macadamia Nut ,2605,15630,7164,8466,11/1/2019
United States, Chocolate Chip ,912,4560,1824,2736,11/1/2019
United States, Chocolate Chip ,1925,9625,3850,5775,12/1/2019
United States, Chocolate Chip ,2013,10065,4026,6039,12/1/2019
United States, Chocolate Chip ,671,3355,1342,2013,10/1/2019
United States, Chocolate Chip ,727,3635,1454,2181,10/1/2019
United States, Chocolate Chip ,2931,14655,5862,8793,9/1/2019
United States, Chocolate Chip ,386,1930,772,1158,10/1/2019
United States, Chocolate Chip ,380,1900,760,1140,9/1/2019
United States, Chocolate Chip ,267,1335,534,801,10/1/2019
United States, Chocolate Chip ,2007,10035,4014,6021,11/1/2019
United States, Fortune Cookie ,2498,2498,500,1998,9/1/2019
United States, Fortune Cookie ,663,663,133,530,10/1/2019
United States, Fortune Cookie ,1804,1804,361,1443,11/1/2019
United States, Fortune Cookie ,2996,2996,599,2397,10/1/2019
United States, Oatmeal Raisin ,1989,9945,4376,5569,9/1/2019
United States, Oatmeal Raisin ,671,3355,1476,1879,10/1/2019
United States, Oatmeal Raisin ,727,3635,1599,2036,10/1/2019
United States, Oatmeal Raisin ,2548,12740,5606,7134,11/1/2019
United States, Oatmeal Raisin ,2015,10075,4433,5642,12/1/2019
United States, Snickerdoodle ,330,1320,495,825,9/1/2019
United States, Snickerdoodle ,263,1052,395,658,11/1/2019
United States, Snickerdoodle ,386,1544,579,965,10/1/2019
United States, Snickerdoodle ,2996,11984,4494,7490,10/1/2019
United States, Sugar ,266,798,333,466,12/1/2019
United States, Sugar ,349,1047,436,611,9/1/2019
United States, Sugar ,1265,3795,1581,2214,11/1/2019
United States, Sugar ,808,2424,1010,1414,12/1/2019
United States, Sugar ,2294,6882,2868,4015,10/1/2019
United States, Sugar ,267,801,334,467,10/1/2019
United States, White Chocolate Macadamia Nut ,663,3978,1823,2155,10/1/2019
United States, White Chocolate Macadamia Nut ,736,4416,2024,2392,9/1/2019
United States, White Chocolate Macadamia Nut ,1421,8526,3908,4618,12/1/2019
United States, White Chocolate Macadamia Nut ,2294,13764,6309,7456,10/1/2019
United States, White Chocolate Macadamia Nut ,2574,15444,7079,8366,11/1/2019
United States, White Chocolate Macadamia Nut ,2438,14628,6705,7924,12/1/2019
India, Chocolate Chip ,292,1460,584,876,2/1/2020
India, Chocolate Chip ,2518,12590,5036,7554,6/1/2020
India, Chocolate Chip ,1817,9085,3634,5451,12/1/2020
India, Chocolate Chip ,2363,11815,4726,7089,2/1/2020
India, Chocolate Chip ,1295,6475,2590,3885,10/1/2020
India, Chocolate Chip ,1916,9580,3832,5748,12/1/2020
India, Chocolate Chip ,2852,14260,5704,8556,12/1/2020
India, Chocolate Chip ,2729,13645,5458,8187,12/1/2020
India, Chocolate Chip ,1774,8870,3548,5322,3/1/2020
India, Chocolate Chip ,2009,10045,4018,6027,10/1/2020
India, Chocolate Chip ,4251,21255,8502,12753,1/1/2020
India, Chocolate Chip ,218,1090,436,654,9/1/2020
India, Chocolate Chip ,2074,10370,4148,6222,9/1/2020
India, Chocolate Chip ,2431,12155,4862,7293,12/1/2020
India, Chocolate Chip ,1702,8510,3404,5106,5/1/2020
India, Chocolate Chip ,257,1285,514,771,5/1/2020
India, Chocolate Chip ,1094,5470,2188,3282,6/1/2020
India, Chocolate Chip ,873,4365,1746,2619,1/1/2020
India, Chocolate Chip ,2105,10525,4210,6315,7/1/2020
India, Chocolate Chip ,4026,20130,8052,12078,7/1/2020
India, Chocolate Chip ,2394,11970,4788,7182,8/1/2020
India, Chocolate Chip ,1366,6830,2732,4098,11/1/2020
India, Chocolate Chip ,2632,13160,5264,7896,6/1/2020
India, Chocolate Chip ,1583,7915,3166,4749,6/1/2020
India, Chocolate Chip ,1565,7825,3130,4695,10/1/2020
India, Chocolate Chip ,1249,6245,2498,3747,10/1/2020
India, Chocolate Chip ,2428,12140,4856,7284,3/1/2020
India, Chocolate Chip ,700,3500,1400,2100,11/1/2020
India, Chocolate Chip ,1614,8070,3228,4842,4/1/2020
India, Chocolate Chip ,2559,12795,5118,7677,8/1/2020
India, Chocolate Chip ,723,3615,1446,2169,4/1/2020
India, Fortune Cookie ,2518,2518,504,2014,6/1/2020
India, Fortune Cookie ,2666,2666,533,2133,7/1/2020
India, Fortune Cookie ,1830,1830,366,1464,8/1/2020
India, Fortune Cookie ,1967,1967,393,1574,3/1/2020
India, Fortune Cookie ,488,488,98,390,2/1/2020
India, Fortune Cookie ,708,708,142,566,6/1/2020
India, Fortune Cookie ,3803,3803,761,3042,4/1/2020
India, Fortune Cookie ,2321,2321,464,1857,11/1/2020
India, Fortune Cookie ,2734,2734,547,2187,10/1/2020
India, Fortune Cookie ,1249,1249,250,999,10/1/2020
India, Fortune Cookie ,2228,2228,446,1782,1/1/2020
India, Fortune Cookie ,200,200,40,160,5/1/2020
India, Fortune Cookie ,388,388,78,310,9/1/2020
India, Fortune Cookie ,2300,2300,460,1840,12/1/2020
India, Oatmeal Raisin ,1916,9580,4215,5365,12/1/2020
India, Oatmeal Raisin ,552,2760,1214,1546,8/1/2020
India, Oatmeal Raisin ,1135,5675,2497,3178,6/1/2020
India, Oatmeal Raisin ,1645,8225,3619,4606,5/1/2020
India, Oatmeal Raisin ,1118,5590,2460,3130,11/1/2020
India, Oatmeal Raisin ,708,3540,1558,1982,6/1/2020
India, Oatmeal Raisin ,1269,6345,2792,3553,10/1/2020
India, Oatmeal Raisin ,1631,8155,3588,4567,7/1/2020
India, Oatmeal Raisin ,2240,11200,4928,6272,2/1/2020
India, Oatmeal Raisin ,3521,17605,7746,9859,4/1/2020
India, Oatmeal Raisin ,707,3535,1555,1980,9/1/2020
India, Oatmeal Raisin ,2734,13670,6015,7655,10/1/2020
India, Oatmeal Raisin ,1659,8295,3650,4645,1/1/2020
India, Oatmeal Raisin ,888,4440,1954,2486,3/1/2020
India, Snickerdoodle ,1619,6476,2429,4048,1/1/2020
India, Snickerdoodle ,1445,5780,2168,3613,9/1/2020
India, Snickerdoodle ,743,2972,1115,1858,4/1/2020
India, Snickerdoodle ,1295,5180,1943,3238,10/1/2020
India, Snickerdoodle ,2852,11408,4278,7130,12/1/2020
India, Snickerdoodle ,831,3324,1247,2078,5/1/2020
India, Snickerdoodle ,2844,11376,4266,7110,6/1/2020
India, Snickerdoodle ,1884,7536,2826,4710,8/1/2020
India, Snickerdoodle ,1094,4376,1641,2735,6/1/2020
India, Snickerdoodle ,819,3276,1229,2048,7/1/2020
India, Snickerdoodle ,1937,7748,2906,4843,2/1/2020
India, Snickerdoodle ,2689,10756,4034,6723,11/1/2020
India, Snickerdoodle ,923,3692,1385,2308,3/1/2020
India, Snickerdoodle ,1496,5984,2244,3740,10/1/2020
India, Snickerdoodle ,2300,9200,3450,5750,12/1/2020
India, Sugar ,2001,6003,2501,3502,2/1/2020
India, Sugar ,1817,5451,2271,3180,12/1/2020
India, Sugar ,1326,3978,1658,2321,3/1/2020
India, Sugar ,944,2832,1180,1652,4/1/2020
India, Sugar ,2729,8187,3411,4776,12/1/2020
India, Sugar ,1874,5622,2343,3280,8/1/2020
India, Sugar ,2844,8532,3555,4977,6/1/2020
India, Sugar ,1582,4746,1978,2769,12/1/2020
India, Sugar ,3245,9735,4056,5679,1/1/2020
India, Sugar ,2134,6402,2668,3735,9/1/2020
India, Sugar ,2529,7587,3161,4426,11/1/2020
India, Sugar ,2109,6327,2636,3691,5/1/2020
India, Sugar ,1583,4749,1979,2770,6/1/2020
India, Sugar ,1565,4695,1956,2739,10/1/2020
India, Sugar ,1496,4488,1870,2618,10/1/2020
India, Sugar ,866,2598,1083,1516,7/1/2020
India, White Chocolate Macadamia Nut ,923,5538,2538,3000,8/1/2020
India, White Chocolate Macadamia Nut ,2009,12054,5525,6529,10/1/2020
India, White Chocolate Macadamia Nut ,3851,23106,10590,12516,4/1/2020
India, White Chocolate Macadamia Nut ,2431,14586,6685,7901,12/1/2020
India, White Chocolate Macadamia Nut ,952,5712,2618,3094,2/1/2020
India, White Chocolate Macadamia Nut ,1262,7572,3471,4102,5/1/2020
India, White Chocolate Macadamia Nut ,1135,6810,3121,3689,6/1/2020
India, White Chocolate Macadamia Nut ,1582,9492,4351,5142,12/1/2020
India, White Chocolate Macadamia Nut ,598,3588,1645,1944,3/1/2020
India, White Chocolate Macadamia Nut ,3794,22764,10434,12331,7/1/2020
India, White Chocolate Macadamia Nut ,567,3402,1559,1843,9/1/2020
India, White Chocolate Macadamia Nut ,1269,7614,3490,4124,10/1/2020
India, White Chocolate Macadamia Nut ,384,2304,1056,1248,1/1/2020
India, White Chocolate Macadamia Nut ,1808,10848,4972,5876,11/1/2020
India, White Chocolate Macadamia Nut ,2632,15792,7238,8554,6/1/2020
United Kingdom, Chocolate Chip ,3945,19725,7890,11835,1/1/2020
United Kingdom, Chocolate Chip ,2296,11480,4592,6888,2/1/2020
United Kingdom, Chocolate Chip ,1030,5150,2060,3090,5/1/2020
United Kingdom, Chocolate Chip ,787,3935,1574,2361,6/1/2020
United Kingdom, Chocolate Chip ,2155,10775,4310,6465,12/1/2020
United Kingdom, Chocolate Chip ,918,4590,1836,2754,5/1/2020
United Kingdom, Chocolate Chip ,1055,5275,2110,3165,12/1/2020
United Kingdom, Chocolate Chip ,2435,12175,4870,7305,1/1/2020
United Kingdom, Chocolate Chip ,1901,9505,3802,5703,6/1/2020
United Kingdom, Chocolate Chip ,1287,6435,2574,3861,12/1/2020
United Kingdom, Chocolate Chip ,2988,14940,5976,8964,7/1/2020
United Kingdom, Chocolate Chip ,1303,6515,2606,3909,2/1/2020
United Kingdom, Chocolate Chip ,2385,11925,4770,7155,3/1/2020
United Kingdom, Chocolate Chip ,2620,13100,5240,7860,9/1/2020
United Kingdom, Chocolate Chip ,3801,19005,7602,11403,4/1/2020
United Kingdom, Chocolate Chip ,1496,7480,2992,4488,6/1/2020
United Kingdom, Chocolate Chip ,448,2240,896,1344,6/1/2020
United Kingdom, Chocolate Chip ,2101,10505,4202,6303,8/1/2020
United Kingdom, Chocolate Chip ,1535,7675,3070,4605,9/1/2020
United Kingdom, Chocolate Chip ,1227,6135,2454,3681,10/1/2020
United Kingdom, Chocolate Chip ,1324,6620,2648,3972,11/1/2020
United Kingdom, Chocolate Chip ,1954,9770,3908,5862,3/1/2020
United Kingdom, Chocolate Chip ,2532,12660,5064,7596,4/1/2020
United Kingdom, Chocolate Chip ,2426,12130,4852,7278,7/1/2020
United Kingdom, Chocolate Chip ,2441,12205,4882,7323,10/1/2020
United Kingdom, Chocolate Chip ,1594,7970,3188,4782,11/1/2020
United Kingdom, Chocolate Chip ,2696,13480,5392,8088,8/1/2020
United Kingdom, Chocolate Chip ,1393,6965,2786,4179,10/1/2020
United Kingdom, Chocolate Chip ,1731,8655,3462,5193,10/1/2020
United Kingdom, Chocolate Chip ,293,1465,586,879,12/1/2020
United Kingdom, Fortune Cookie ,1899,1899,380,1519,6/1/2020
United Kingdom, Fortune Cookie ,1376,1376,275,1101,7/1/2020
United Kingdom, Fortune Cookie ,1901,1901,380,1521,6/1/2020
United Kingdom, Fortune Cookie ,544,544,109,435,9/1/2020
United Kingdom, Fortune Cookie ,1287,1287,257,1030,12/1/2020
United Kingdom, Fortune Cookie ,1385,1385,277,1108,1/1/2020
United Kingdom, Fortune Cookie ,2342,2342,468,1874,11/1/2020
United Kingdom, Fortune Cookie ,1976,1976,395,1581,10/1/2020
United Kingdom, Fortune Cookie ,2181,2181,436,1745,10/1/2020
United Kingdom, Fortune Cookie ,2501,2501,500,2001,3/1/2020
United Kingdom, Fortune Cookie ,1562,1562,312,1250,8/1/2020
United Kingdom, Fortune Cookie ,1666,1666,333,1333,5/1/2020
United Kingdom, Fortune Cookie ,2072,2072,414,1658,12/1/2020
United Kingdom, Fortune Cookie ,1773,1773,355,1418,4/1/2020
United Kingdom, Fortune Cookie ,293,293,59,234,2/1/2020
United Kingdom, Oatmeal Raisin ,2750,13750,6050,7700,2/1/2020
United Kingdom, Oatmeal Raisin ,1899,9495,4178,5317,6/1/2020
United Kingdom, Oatmeal Raisin ,941,4705,2070,2635,11/1/2020
United Kingdom, Oatmeal Raisin ,1988,9940,4374,5566,1/1/2020
United Kingdom, Oatmeal Raisin ,2876,14380,6327,8053,9/1/2020
United Kingdom, Oatmeal Raisin ,2072,10360,4558,5802,12/1/2020
United Kingdom, Oatmeal Raisin ,853,4265,1877,2388,12/1/2020
United Kingdom, Oatmeal Raisin ,1433,7165,3153,4012,5/1/2020
United Kingdom, Oatmeal Raisin ,3422,17110,7528,9582,7/1/2020
United Kingdom, Oatmeal Raisin ,1190,5950,2618,3332,6/1/2020
United Kingdom, Oatmeal Raisin ,1393,6965,3065,3900,10/1/2020
United Kingdom, Oatmeal Raisin ,2475,12375,5445,6930,8/1/2020
United Kingdom, Oatmeal Raisin ,1731,8655,3808,4847,10/1/2020
United Kingdom, Oatmeal Raisin ,2475,12375,5445,6930,3/1/2020
United Kingdom, Snickerdoodle ,2178,8712,3267,5445,6/1/2020
United Kingdom, Snickerdoodle ,2671,10684,4007,6678,9/1/2020
United Kingdom, Snickerdoodle ,2155,8620,3233,5388,12/1/2020
United Kingdom, Snickerdoodle ,4244,16976,6366,10610,4/1/2020
United Kingdom, Snickerdoodle ,1865,7460,2798,4663,2/1/2020
United Kingdom, Snickerdoodle ,1563,6252,2345,3908,5/1/2020
United Kingdom, Snickerdoodle ,2487,9948,3731,6218,12/1/2020
United Kingdom, Snickerdoodle ,448,1792,672,1120,6/1/2020
United Kingdom, Snickerdoodle ,2181,8724,3272,5453,10/1/2020
United Kingdom, Snickerdoodle ,490,1960,735,1225,11/1/2020
United Kingdom, Snickerdoodle ,2441,9764,3662,6103,10/1/2020
United Kingdom, Snickerdoodle ,2522,10088,3783,6305,1/1/2020
United Kingdom, Snickerdoodle ,1790,7160,2685,4475,3/1/2020
United Kingdom, Snickerdoodle ,1174,4696,1761,2935,8/1/2020
United Kingdom, Sugar ,2178,6534,2723,3812,6/1/2020
United Kingdom, Sugar ,2151,6453,2689,3764,9/1/2020
United Kingdom, Sugar ,787,2361,984,1377,6/1/2020
United Kingdom, Sugar ,1744,5232,2180,3052,11/1/2020
United Kingdom, Sugar ,866,2598,1083,1516,5/1/2020
United Kingdom, Sugar ,2177,6531,2721,3810,10/1/2020
United Kingdom, Sugar ,2487,7461,3109,4352,12/1/2020
United Kingdom, Sugar ,1739,5217,2174,3043,4/1/2020
United Kingdom, Sugar ,959,2877,1199,1678,2/1/2020
United Kingdom, Sugar ,575,1725,719,1006,4/1/2020
United Kingdom, Sugar ,381,1143,476,667,8/1/2020
United Kingdom, Sugar ,1227,3681,1534,2147,10/1/2020
United Kingdom, Sugar ,1734,5202,2168,3035,1/1/2020
United Kingdom, Sugar ,3875,11625,4844,6781,7/1/2020
United Kingdom, Sugar ,1491,4473,1864,2609,3/1/2020
United Kingdom, Sugar ,293,879,366,513,12/1/2020
United Kingdom, White Chocolate Macadamia Nut ,1804,10824,4961,5863,2/1/2020
United Kingdom, White Chocolate Macadamia Nut ,639,3834,1757,2077,11/1/2020
United Kingdom, White Chocolate Macadamia Nut ,3864,23184,10626,12558,4/1/2020
United Kingdom, White Chocolate Macadamia Nut ,1055,6330,2901,3429,12/1/2020
United Kingdom, White Chocolate Macadamia Nut ,2177,13062,5987,7075,10/1/2020
United Kingdom, White Chocolate Macadamia Nut ,1579,9474,4342,5132,8/1/2020
United Kingdom, White Chocolate Macadamia Nut ,1496,8976,4114,4862,6/1/2020
United Kingdom, White Chocolate Macadamia Nut ,1659,9954,4562,5392,7/1/2020
United Kingdom, White Chocolate Macadamia Nut ,1976,11856,5434,6422,10/1/2020
United Kingdom, White Chocolate Macadamia Nut ,1967,11802,5409,6393,3/1/2020
United Kingdom, White Chocolate Macadamia Nut ,639,3834,1757,2077,7/1/2020
United Kingdom, White Chocolate Macadamia Nut ,853,5118,2346,2772,12/1/2020
United Kingdom, White Chocolate Macadamia Nut ,3998,23988,10995,12994,1/1/2020
United Kingdom, White Chocolate Macadamia Nut ,1190,7140,3273,3868,6/1/2020
United Kingdom, White Chocolate Macadamia Nut ,2826,16956,7772,9185,5/1/2020
United Kingdom, White Chocolate Macadamia Nut ,663,3978,1823,2155,9/1/2020
Philippines, Chocolate Chip ,1006,5030,2012,3018,6/1/2020
Philippines, Chocolate Chip ,367,1835,734,1101,7/1/2020
Philippines, Chocolate Chip ,1513,7565,3026,4539,12/1/2020
Philippines, Chocolate Chip ,747,3735,1494,2241,9/1/2020
Philippines, Chocolate Chip ,1728,8640,3456,5184,5/1/2020
Philippines, Chocolate Chip ,689,3445,1378,2067,6/1/2020
Philippines, Chocolate Chip ,1570,7850,3140,4710,6/1/2020
Philippines, Chocolate Chip ,1706,8530,3412,5118,12/1/2020
Philippines, Chocolate Chip ,795,3975,1590,2385,3/1/2020
Philippines, Chocolate Chip ,1415,7075,2830,4245,4/1/2020
Philippines, Chocolate Chip ,1372,6860,2744,4116,1/1/2020
Philippines, Chocolate Chip ,1743,8715,3486,5229,8/1/2020
Philippines, Chocolate Chip ,3513,17565,7026,10539,7/1/2020
Philippines, Chocolate Chip ,1259,6295,2518,3777,4/1/2020
Philippines, Chocolate Chip ,1095,5475,2190,3285,5/1/2020
Philippines, Chocolate Chip ,1366,6830,2732,4098,6/1/2020
Philippines, Chocolate Chip ,1598,7990,3196,4794,8/1/2020
Philippines, Chocolate Chip ,1934,9670,3868,5802,9/1/2020
Philippines, Chocolate Chip ,360,1800,720,1080,10/1/2020
Philippines, Chocolate Chip ,241,1205,482,723,10/1/2020
Philippines, Chocolate Chip ,1359,6795,2718,4077,11/1/2020
Philippines, Chocolate Chip ,1531,7655,3062,4593,12/1/2020
Philippines, Chocolate Chip ,807,4035,1614,2421,1/1/2020
Philippines, Chocolate Chip ,2708,13540,5416,8124,2/1/2020
Philippines, Chocolate Chip ,357,1785,714,1071,11/1/2020
Philippines, Chocolate Chip ,1013,5065,2026,3039,12/1/2020
Philippines, Chocolate Chip ,278,1390,556,834,2/1/2020
Philippines, Chocolate Chip ,1158,5790,2316,3474,3/1/2020
Philippines, Chocolate Chip ,1085,5425,2170,3255,10/1/2020
Philippines, Chocolate Chip ,1175,5875,2350,3525,10/1/2020
Philippines, Fortune Cookie ,921,921,184,737,3/1/2020
Philippines, Fortune Cookie ,1545,1545,309,1236,6/1/2020
Philippines, Fortune Cookie ,2146,2146,429,1717,9/1/2020
Philippines, Fortune Cookie ,1958,1958,392,1566,2/1/2020
Philippines, Fortune Cookie ,1706,1706,341,1365,12/1/2020
Philippines, Fortune Cookie ,1859,1859,372,1487,8/1/2020
Philippines, Fortune Cookie ,2021,2021,404,1617,10/1/2020
Philippines, Fortune Cookie ,2342,2342,468,1874,11/1/2020
Philippines, Fortune Cookie ,1460,1460,292,1168,5/1/2020
Philippines, Fortune Cookie ,645,645,129,516,7/1/2020
Philippines, Fortune Cookie ,711,711,142,569,12/1/2020
Philippines, Fortune Cookie ,766,766,153,613,1/1/2020
Philippines, Fortune Cookie ,1199,1199,240,959,4/1/2020
Philippines, Oatmeal Raisin ,4220,21100,9284,11816,4/1/2020
Philippines, Oatmeal Raisin ,1686,8430,3709,4721,7/1/2020
Philippines, Oatmeal Raisin ,259,1295,570,725,3/1/2020
Philippines, Oatmeal Raisin ,2276,11380,5007,6373,5/1/2020
Philippines, Oatmeal Raisin ,1907,9535,4195,5340,9/1/2020
Philippines, Oatmeal Raisin ,1350,6750,2970,3780,2/1/2020
Philippines, Oatmeal Raisin ,1250,6250,2750,3500,12/1/2020
Philippines, Oatmeal Raisin ,1366,6830,3005,3825,6/1/2020
Philippines, Oatmeal Raisin ,1520,7600,3344,4256,11/1/2020
Philippines, Oatmeal Raisin ,711,3555,1564,1991,12/1/2020
Philippines, Oatmeal Raisin ,2574,12870,5663,7207,8/1/2020
Philippines, Oatmeal Raisin ,472,2360,1038,1322,10/1/2020
Philippines, Oatmeal Raisin ,3165,15825,6963,8862,1/1/2020
Philippines, Snickerdoodle ,1321,5284,1982,3303,1/1/2020
Philippines, Snickerdoodle ,888,3552,1332,2220,6/1/2020
Philippines, Snickerdoodle ,1513,6052,2270,3783,12/1/2020
Philippines, Snickerdoodle ,2580,10320,3870,6450,4/1/2020
Philippines, Snickerdoodle ,689,2756,1034,1723,6/1/2020
Philippines, Snickerdoodle ,2021,8084,3032,5053,10/1/2020
Philippines, Snickerdoodle ,1116,4464,1674,2790,2/1/2020
Philippines, Snickerdoodle ,663,2652,995,1658,5/1/2020
Philippines, Snickerdoodle ,1580,6320,2370,3950,9/1/2020
Philippines, Snickerdoodle ,792,3168,1188,1980,3/1/2020
Philippines, Snickerdoodle ,2811,11244,4217,7028,7/1/2020
Philippines, Snickerdoodle ,280,1120,420,700,12/1/2020
Philippines, Snickerdoodle ,1513,6052,2270,3783,11/1/2020
Philippines, Snickerdoodle ,2767,11068,4151,6918,8/1/2020
Philippines, Snickerdoodle ,1085,4340,1628,2713,10/1/2020
Philippines, Sugar ,2838,8514,3548,4967,4/1/2020
Philippines, Sugar ,888,2664,1110,1554,6/1/2020
Philippines, Sugar ,263,789,329,460,3/1/2020
Philippines, Sugar ,986,2958,1233,1726,9/1/2020
Philippines, Sugar ,2877,8631,3596,5035,10/1/2020
Philippines, Sugar ,1570,4710,1963,2748,6/1/2020
Philippines, Sugar ,2479,7437,3099,4338,1/1/2020
Philippines, Sugar ,2338,7014,2923,4092,6/1/2020
Philippines, Sugar ,422,1266,528,739,8/1/2020
Philippines, Sugar ,2659,7977,3324,4653,2/1/2020
Philippines, Sugar ,880,2640,1100,1540,5/1/2020
Philippines, Sugar ,360,1080,450,630,10/1/2020
Philippines, Sugar ,1531,4593,1914,2679,12/1/2020
Philippines, Sugar ,280,840,350,490,12/1/2020
Philippines, Sugar ,492,1476,615,861,7/1/2020
Philippines, Sugar ,1175,3525,1469,2056,10/1/2020
Philippines, Sugar ,552,1656,690,966,11/1/2020
Philippines, White Chocolate Macadamia Nut ,2161,12966,5943,7023,3/1/2020
Philippines, White Chocolate Macadamia Nut ,1006,6036,2767,3270,6/1/2020
Philippines, White Chocolate Macadamia Nut ,1545,9270,4249,5021,6/1/2020
Philippines, White Chocolate Macadamia Nut ,2877,17262,7912,9350,10/1/2020
Philippines, White Chocolate Macadamia Nut ,807,4842,2219,2623,2/1/2020
Philippines, White Chocolate Macadamia Nut ,1250,7500,3438,4063,12/1/2020
Philippines, White Chocolate Macadamia Nut ,1530,9180,4208,4973,5/1/2020
Philippines, White Chocolate Macadamia Nut ,1001,6006,2753,3253,8/1/2020
Philippines, White Chocolate Macadamia Nut ,2087,12522,5739,6783,9/1/2020
Philippines, White Chocolate Macadamia Nut ,2338,14028,6430,7599,6/1/2020
Philippines, White Chocolate Macadamia Nut ,1307,7842,3594,4248,7/1/2020
Philippines, White Chocolate Macadamia Nut ,681,4086,1873,2213,1/1/2020
Philippines, White Chocolate Macadamia Nut ,510,3060,1403,1658,4/1/2020
Philippines, White Chocolate Macadamia Nut ,241,1446,663,783,10/1/2020
Philippines, White Chocolate Macadamia Nut ,2665,15990,7329,8661,11/1/2020
Philippines, White Chocolate Macadamia Nut ,472,2832,1298,1534,10/1/2020
Philippines, White Chocolate Macadamia Nut ,1013,6078,2786,3292,12/1/2020
Malaysia, Chocolate Chip ,974,4870,1948,2922,2/1/2020
Malaysia, Chocolate Chip ,883,4415,1766,2649,8/1/2020
Malaysia, Chocolate Chip ,2472,12360,4944,7416,9/1/2020
Malaysia, Chocolate Chip ,1823,9115,3646,5469,7/1/2020
Malaysia, Chocolate Chip ,662,3310,1324,1986,6/1/2020
Malaysia, Chocolate Chip ,1084,5420,2168,3252,12/1/2020
Malaysia, Chocolate Chip ,2031,10155,4062,6093,10/1/2020
Malaysia, Chocolate Chip ,1138,5690,2276,3414,12/1/2020
Malaysia, Chocolate Chip ,2689,13445,5378,8067,10/1/2020
Malaysia, Chocolate Chip ,1607,8035,3214,4821,4/1/2020
Malaysia, Chocolate Chip ,1114,5570,2228,3342,3/1/2020
Malaysia, Chocolate Chip ,2460,12300,4920,7380,6/1/2020
Malaysia, Chocolate Chip ,2993,14965,5986,8979,9/1/2020
Malaysia, Chocolate Chip ,1362,6810,2724,4086,12/1/2020
Malaysia, Chocolate Chip ,2565,12825,5130,7695,1/1/2020
Malaysia, Chocolate Chip ,2417,12085,4834,7251,1/1/2020
Malaysia, Chocolate Chip ,1038,5190,2076,3114,6/1/2020
Malaysia, Chocolate Chip ,591,2955,1182,1773,5/1/2020
Malaysia, Chocolate Chip ,1122,5610,2244,3366,3/1/2020
Malaysia, Chocolate Chip ,1984,9920,3968,5952,8/1/2020
Malaysia, Chocolate Chip ,886,4430,1772,2658,6/1/2020
Malaysia, Chocolate Chip ,2156,10780,4312,6468,10/1/2020
Malaysia, Chocolate Chip ,905,4525,1810,2715,10/1/2020
Malaysia, Chocolate Chip ,2150,10750,4300,6450,11/1/2020
Malaysia, Chocolate Chip ,1197,5985,2394,3591,11/1/2020
Malaysia, Chocolate Chip ,1233,6165,2466,3699,12/1/2020
Malaysia, Chocolate Chip ,571,2855,1142,1713,7/1/2020
Malaysia, Chocolate Chip ,260,1300,520,780,2/1/2020
Malaysia, Chocolate Chip ,2535,12675,5070,7605,4/1/2020
Malaysia, Chocolate Chip ,2851,14255,5702,8553,5/1/2020
Malaysia, Fortune Cookie ,2470,2470,494,1976,6/1/2020
Malaysia, Fortune Cookie ,958,958,192,766,8/1/2020
Malaysia, Fortune Cookie ,2214,2214,443,1771,3/1/2020
Malaysia, Fortune Cookie ,690,690,138,552,11/1/2020
Malaysia, Fortune Cookie ,2031,2031,406,1625,10/1/2020
Malaysia, Fortune Cookie ,1138,1138,228,910,12/1/2020
Malaysia, Fortune Cookie ,980,980,196,784,4/1/2020
Malaysia, Fortune Cookie ,2340,2340,468,1872,1/1/2020
Malaysia, Fortune Cookie ,2157,2157,431,1726,12/1/2020
Malaysia, Fortune Cookie ,2420,2420,484,1936,9/1/2020
Malaysia, Fortune Cookie ,2661,2661,532,2129,5/1/2020
Malaysia, Fortune Cookie ,604,604,121,483,6/1/2020
Malaysia, Fortune Cookie ,2255,2255,451,1804,7/1/2020
Malaysia, Fortune Cookie ,546,546,109,437,10/1/2020
Malaysia, Fortune Cookie ,1368,1368,274,1094,2/1/2020
Malaysia, Oatmeal Raisin ,1101,5505,2422,3083,3/1/2020
Malaysia, Oatmeal Raisin ,1865,9325,4103,5222,2/1/2020
Malaysia, Oatmeal Raisin ,1074,5370,2363,3007,4/1/2020
Malaysia, Oatmeal Raisin ,1683,8415,3703,4712,7/1/2020
Malaysia, Oatmeal Raisin ,1123,5615,2471,3144,8/1/2020
Malaysia, Oatmeal Raisin ,1679,8395,3694,4701,9/1/2020
Malaysia, Oatmeal Raisin ,2460,12300,5412,6888,6/1/2020
Malaysia, Oatmeal Raisin ,635,3175,1397,1778,12/1/2020
Malaysia, Oatmeal Raisin ,1694,8470,3727,4743,11/1/2020
Malaysia, Oatmeal Raisin ,1038,5190,2284,2906,6/1/2020
Malaysia, Oatmeal Raisin ,2039,10195,4486,5709,5/1/2020
Malaysia, Oatmeal Raisin ,2629,13145,5784,7361,1/1/2020
Malaysia, Oatmeal Raisin ,2157,10785,4745,6040,12/1/2020
Malaysia, Oatmeal Raisin ,410,2050,902,1148,10/1/2020
Malaysia, Oatmeal Raisin ,546,2730,1201,1529,10/1/2020
Malaysia, Snickerdoodle ,2470,9880,3705,6175,6/1/2020
Malaysia, Snickerdoodle ,1210,4840,1815,3025,3/1/2020
Malaysia, Snickerdoodle ,1397,5588,2096,3493,10/1/2020
Malaysia, Snickerdoodle ,2791,11164,4187,6978,11/1/2020
Malaysia, Snickerdoodle ,562,2248,843,1405,9/1/2020
Malaysia, Snickerdoodle ,727,2908,1091,1818,2/1/2020
Malaysia, Snickerdoodle ,1540,6160,2310,3850,8/1/2020
Malaysia, Snickerdoodle ,1362,5448,2043,3405,12/1/2020
Malaysia, Snickerdoodle ,521,2084,782,1303,12/1/2020
Malaysia, Snickerdoodle ,886,3544,1329,2215,6/1/2020
Malaysia, Snickerdoodle ,2156,8624,3234,5390,10/1/2020
Malaysia, Snickerdoodle ,2579,10316,3869,6448,4/1/2020
Malaysia, Snickerdoodle ,801,3204,1202,2003,7/1/2020
Malaysia, Sugar ,1397,4191,1746,2445,10/1/2020
Malaysia, Sugar ,662,1986,828,1159,6/1/2020
Malaysia, Sugar ,1916,5748,2395,3353,4/1/2020
Malaysia, Sugar ,1642,4926,2053,2874,8/1/2020
Malaysia, Sugar ,2689,8067,3361,4706,10/1/2020
Malaysia, Sugar ,1498,4494,1873,2622,6/1/2020
Malaysia, Sugar ,2747,8241,3434,4807,2/1/2020
Malaysia, Sugar ,877,2631,1096,1535,11/1/2020
Malaysia, Sugar ,521,1563,651,912,12/1/2020
Malaysia, Sugar ,341,1023,426,597,5/1/2020
Malaysia, Sugar ,641,1923,801,1122,7/1/2020
Malaysia, Sugar ,432,1296,540,756,9/1/2020
Malaysia, Sugar ,554,1662,693,970,1/1/2020
Malaysia, Sugar ,1233,3699,1541,2158,12/1/2020
Malaysia, Sugar ,2903,8709,3629,5080,3/1/2020
Malaysia, White Chocolate Macadamia Nut ,1493,8958,4106,4852,1/1/2020
Malaysia, White Chocolate Macadamia Nut ,362,2172,996,1177,5/1/2020
Malaysia, White Chocolate Macadamia Nut ,1084,6504,2981,3523,12/1/2020
Malaysia, White Chocolate Macadamia Nut ,2861,17166,7868,9298,1/1/2020
Malaysia, White Chocolate Macadamia Nut ,1498,8988,4120,4869,6/1/2020
Malaysia, White Chocolate Macadamia Nut ,1333,7998,3666,4332,11/1/2020
Malaysia, White Chocolate Macadamia Nut ,609,3654,1675,1979,8/1/2020
Malaysia, White Chocolate Macadamia Nut ,635,3810,1746,2064,12/1/2020
Malaysia, White Chocolate Macadamia Nut ,245,1470,674,796,5/1/2020
Malaysia, White Chocolate Macadamia Nut ,2110,12660,5803,6858,9/1/2020
Malaysia, White Chocolate Macadamia Nut ,2628,15768,7227,8541,4/1/2020
Malaysia, White Chocolate Macadamia Nut ,1395,8370,3836,4534,7/1/2020
Malaysia, White Chocolate Macadamia Nut ,905,5430,2489,2941,10/1/2020
Malaysia, White Chocolate Macadamia Nut ,604,3624,1661,1963,6/1/2020
Malaysia, White Chocolate Macadamia Nut ,410,2460,1128,1333,10/1/2020
Malaysia, White Chocolate Macadamia Nut ,1575,9450,4331,5119,2/1/2020
Malaysia, White Chocolate Macadamia Nut ,500,3000,1375,1625,3/1/2020
United States, Chocolate Chip ,1143,5715,2286,3429,10/1/2020
United States, Chocolate Chip ,1514,7570,3028,4542,2/1/2020
United States, Chocolate Chip ,4493,22465,8986,13479,4/1/2020
United States, Chocolate Chip ,727,3635,1454,2181,6/1/2020
United States, Chocolate Chip ,2905,14525,5810,8715,11/1/2020
United States, Chocolate Chip ,1142,5710,2284,3426,6/1/2020
United States, Chocolate Chip ,1370,6850,2740,4110,7/1/2020
United States, Chocolate Chip ,2918,14590,5836,8754,5/1/2020
United States, Chocolate Chip ,3450,17250,6900,10350,7/1/2020
United States, Chocolate Chip ,1056,5280,2112,3168,9/1/2020
United States, Chocolate Chip ,274,1370,548,822,12/1/2020
United States, Chocolate Chip ,2992,14960,5984,8976,3/1/2020
United States, Chocolate Chip ,2327,11635,4654,6981,5/1/2020
United States, Chocolate Chip ,991,4955,1982,2973,6/1/2020
United States, Chocolate Chip ,602,3010,1204,1806,6/1/2020
United States, Chocolate Chip ,861,4305,1722,2583,10/1/2020
United States, Chocolate Chip ,2663,13315,5326,7989,12/1/2020
United States, Chocolate Chip ,2198,10990,4396,6594,8/1/2020
United States, Chocolate Chip ,1153,5765,2306,3459,10/1/2020
United States, Chocolate Chip ,678,3390,1356,2034,8/1/2020
United States, Chocolate Chip ,3675,18375,7350,11025,4/1/2020
United States, Chocolate Chip ,2797,13985,5594,8391,12/1/2020
United States, Chocolate Chip ,973,4865,1946,2919,3/1/2020
United States, Chocolate Chip ,3495,17475,6990,10485,1/1/2020
United States, Chocolate Chip ,1439,7195,2878,4317,1/1/2020
United States, Chocolate Chip ,2641,13205,5282,7923,2/1/2020
United States, Chocolate Chip ,1767,8835,3534,5301,9/1/2020
United States, Chocolate Chip ,2914,14570,5828,8742,10/1/2020
United States, Chocolate Chip ,1177,5885,2354,3531,11/1/2020
United States, Chocolate Chip ,914,4570,1828,2742,12/1/2020
United States, Fortune Cookie ,615,615,123,492,12/1/2020
United States, Fortune Cookie ,2301,2301,460,1841,4/1/2020
United States, Fortune Cookie ,1142,1142,228,914,6/1/2020
United States, Fortune Cookie ,1566,1566,313,1253,10/1/2020
United States, Fortune Cookie ,3627,3627,725,2902,7/1/2020
United States, Fortune Cookie ,2723,2723,545,2178,11/1/2020
United States, Fortune Cookie ,1282,1282,256,1026,6/1/2020
United States, Fortune Cookie ,2797,2797,559,2238,12/1/2020
United States, Fortune Cookie ,2328,2328,466,1862,9/1/2020
United States, Fortune Cookie ,2313,2313,463,1850,5/1/2020
United States, Fortune Cookie ,677,677,135,542,3/1/2020
United States, Fortune Cookie ,983,983,197,786,1/1/2020
United States, Fortune Cookie ,1298,1298,260,1038,2/1/2020
United States, Oatmeal Raisin ,1953,9765,4297,5468,4/1/2020
United States, Oatmeal Raisin ,2141,10705,4710,5995,8/1/2020
United States, Oatmeal Raisin ,1143,5715,2515,3200,10/1/2020
United States, Oatmeal Raisin ,615,3075,1353,1722,12/1/2020
United States, Oatmeal Raisin ,1236,6180,2719,3461,11/1/2020
United States, Oatmeal Raisin ,1372,6860,3018,3842,12/1/2020
United States, Oatmeal Raisin ,1282,6410,2820,3590,6/1/2020
United States, Oatmeal Raisin ,2907,14535,6395,8140,6/1/2020
United States, Oatmeal Raisin ,2071,10355,4556,5799,9/1/2020
United States, Oatmeal Raisin ,579,2895,1274,1621,1/1/2020
United States, Oatmeal Raisin ,2993,14965,6585,8380,3/1/2020
United States, Oatmeal Raisin ,3200,16000,7040,8960,7/1/2020
United States, Oatmeal Raisin ,270,1350,594,756,2/1/2020
United States, Oatmeal Raisin ,2844,14220,6257,7963,5/1/2020
United States, Oatmeal Raisin ,2914,14570,6411,8159,10/1/2020
United States, Snickerdoodle ,1858,7432,2787,4645,2/1/2020
United States, Snickerdoodle ,2529,10116,3794,6323,7/1/2020
United States, Snickerdoodle ,1947,7788,2921,4868,9/1/2020
United States, Snickerdoodle ,274,1096,411,685,12/1/2020
United States, Snickerdoodle ,991,3964,1487,2478,6/1/2020
United States, Snickerdoodle ,570,2280,855,1425,12/1/2020
United States, Snickerdoodle ,1118,4472,1677,2795,1/1/2020
United States, Snickerdoodle ,2030,8120,3045,5075,11/1/2020
United States, Snickerdoodle ,1761,7044,2642,4403,3/1/2020
United States, Snickerdoodle ,3446,13784,5169,8615,4/1/2020
United States, Snickerdoodle ,2567,10268,3851,6418,6/1/2020
United States, Snickerdoodle ,1743,6972,2615,4358,5/1/2020
United States, Snickerdoodle ,1010,4040,1515,2525,10/1/2020
United States, Sugar ,727,2181,909,1272,6/1/2020
United States, Sugar ,2844,8532,3555,4977,2/1/2020
United States, Sugar ,2663,7989,3329,4660,12/1/2020
United States, Sugar ,570,1710,713,998,12/1/2020
United States, Sugar ,1153,3459,1441,2018,10/1/2020
United States, Sugar ,437,1311,546,765,7/1/2020
United States, Sugar ,1956,5868,2445,3423,1/1/2020
United States, Sugar ,1352,4056,1690,2366,4/1/2020
United States, Sugar ,1867,5601,2334,3267,9/1/2020
United States, Sugar ,2807,8421,3509,4912,8/1/2020
United States, Sugar ,1579,4737,1974,2763,3/1/2020
United States, Sugar ,986,2958,1233,1726,10/1/2020
United States, Sugar ,2387,7161,2984,4177,11/1/2020
United States, Sugar ,2567,7701,3209,4492,6/1/2020
United States, Sugar ,2541,7623,3176,4447,8/1/2020
United States, Sugar ,1010,3030,1263,1768,10/1/2020
United States, Sugar ,1806,5418,2258,3161,5/1/2020
United States, White Chocolate Macadamia Nut ,2821,16926,7758,9168,8/1/2020
United States, White Chocolate Macadamia Nut ,1566,9396,4307,5090,10/1/2020
United States, White Chocolate Macadamia Nut ,1465,8790,4029,4761,3/1/2020
United States, White Chocolate Macadamia Nut ,555,3330,1526,1804,1/1/2020
United States, White Chocolate Macadamia Nut ,602,3612,1656,1957,6/1/2020
United States, White Chocolate Macadamia Nut ,2832,16992,7788,9204,8/1/2020
United States, White Chocolate Macadamia Nut ,861,5166,2368,2798,10/1/2020
United States, White Chocolate Macadamia Nut ,2755,16530,7576,8954,2/1/2020
United States, White Chocolate Macadamia Nut ,547,3282,1504,1778,11/1/2020
United States, White Chocolate Macadamia Nut ,1372,8232,3773,4459,12/1/2020
United States, White Chocolate Macadamia Nut ,2907,17442,7994,9448,6/1/2020
United States, White Chocolate Macadamia Nut ,790,4740,2173,2568,5/1/2020
United States, White Chocolate Macadamia Nut ,1596,9576,4389,5187,9/1/2020
United States, White Chocolate Macadamia Nut ,986,5916,2712,3205,10/1/2020
United States, White Chocolate Macadamia Nut ,606,3636,1667,1970,4/1/2020
United States, White Chocolate Macadamia Nut ,2460,14760,6765,7995,7/1/2020
United States, White Chocolate Macadamia Nut ,914,5484,2514,2971,12/1/2020
